ticker,shares_cr
AARTIIND.NS,36.2594491
ABB.NS,21.1908375
ABBOTINDIA.NS,2.1249302
ABCAPITAL.NS,262.0814898
ABFRL.NS,121.6387646
ACC.NS,18.7787263
ADANIENSOL.NS,120.1282642
ADANIENT.NS,130.1693464
ADANIGREEN.NS,164.7176155
ADANIPORTS.NS,230.3959098
ADANIPOWER.NS,1928.4694705
AJANTPHARM.NS,12.4935624
ALKEM.NS,11.9565
AMBUJACEM.NS,248.4817186
APLAPOLLO.NS,27.7658405
APLLTD.NS,19.6563124
APOLLOHOSP.NS,14.3784657
APOLLOTYRE.NS,63.2581334
ARE&M.NS,18.3025364
ASHOKLEY.NS,587.3854552
ASIANPAINT.NS,95.8644295
ASTRAL.NS,26.8650163
ATGL.NS,109.9810083
AUBANK.NS,74.8358789
AUROPHARMA.NS,57.5377895
AXISBANK.NS,310.9604914
BAJAJ-AUTO.NS,27.9271733
BAJAJFINSV.NS,159.8508313
BAJAJHFL.NS,832.8662006
BAJAJHLDNG.NS,11.129351
BAJFINANCE.NS,621.7876336
BALKRISIND.NS,19.331719
BANDHANBNK.NS,161.1017956
BANKBARODA.NS,517.1362179
BANKINDIA.NS,455.2667866
BATAINDIA.NS,12.852754
BBTC.NS,6.97719
BDL.NS,36.65625
BEL.NS,730.9778829
BERGEPAINT.NS,116.6002812
BHARATFORG.NS,47.8088632
BHARTIARTL.NS,609.0538098
BHEL.NS,348.2063355
BIOCON.NS,161.933135
BLUESTARCO.NS,20.5592636
BOSCHLTD.NS,2.949364
BPCL.NS,427.2584874
BRITANNIA.NS,24.0868296
BSE.NS,40.6129077
CANBK.NS,907.065126
CASTROLIND.NS,98.9122384
CESC.NS,132.557043
CGPOWER.NS,157.4957249
CHOLAFIN.NS,85.2324401
CIPLA.NS,80.7800546
CLEAN.NS,10.6277299
COALINDIA.NS,616.2728327
COCHINSHIP.NS,26.308078
COFORGE.NS,42.9999944
COLPAL.NS,27.1985634
CONCOR.NS,76.1617935
COROMANDEL.NS,29.4718339
CROMPTON.NS,65.3597856
CUB.NS,74.3090428
CUMMINSIND.NS,27.72
DABUR.NS,177.3690172
DALBHARAT.NS,18.7565953
DEEPAKNTR.NS,13.6393041
DIVISLAB.NS,26.546858
DIXON.NS,6.0685743
DLF.NS,247.5311706
DMART.NS,65.2163792
DRREDDY.NS,83.2594805
EDELWEISS.NS,94.6531653
EICHERMOT.NS,27.449753
EMAMILTD.NS,43.65
ENDURANCE.NS,14.0662848
ENGINERSIN.NS,56.2042373
ENRIN.NS,35.6120505
ESCORTS.NS,11.002739
ETERNAL.NS,919.3892179
EXIDEIND.NS,85.0
FEDERALBNK.NS,246.4074111
FORTIS.NS,75.4958148
FRETAIL.NS,54.2284079
GAIL.NS,657.5079643
GICRE.NS,175.44
GLAND.NS,16.4756423
GLENMARK.NS,28.2200809
GMRAIRPORT.NS,1055.8975952
GODFRYPHLP.NS,15.598176
GODREJAGRO.NS,19.2359967
GODREJCP.NS,102.3244581
GODREJIND.NS,33.6804842
GODREJPROP.NS,30.1207741
GRAPHITE.NS,19.5375594
GRASIM.NS,67.8114605
GROWW.NS,619.1576922
GSPL.NS,56.4211376
GUJGASLTD.NS,68.8390125
GVT&D.NS,25.6046535
HAL.NS,66.8775
HAVELLS.NS,62.7256842
HCLTECH.NS,270.5652444
HDFCAMC.NS,42.8653254
HDFCBANK.NS,1539.622463
HDFCLIFE.NS,215.7279702
HEG.NS,19.297753
HEROMOTOCO.NS,20.0092938
HINDALCO.NS,223.6153208
HINDCOPPER.NS,96.702402
HINDPETRO.NS,212.7822517
HINDUNILVR.NS,234.9591262
HINDZINC.NS,422.5319
HUDCO.NS,200.19
HYUNDAI.NS,81.25411
ICICIAMC.NS,49.425852
ICICIBANK.NS,716.907325
ICICIGI.NS,49.893918
ICICIPRULI.NS,144.8958424
IDBI.NS,1075.2402175
IDEA.NS,10834.3035001
IDFCFIRSTB.NS,860.8314932
IEX.NS,88.930029
IGL.NS,140.00016
INDHOTEL.NS,142.3432227
INDIAMART.NS,6.0112269
INDIANB.NS,134.6963981
INDIGO.NS,38.6646998
INDUSINDBK.NS,77.9106092
INDUSTOWER.NS,263.7189804
INFY.NS,404.7007852
IOC.NS,1412.1238383
IPCALAB.NS,25.3704218
IRCTC.NS,80.0
IREDA.NS,280.9231268
IRFC.NS,1306.8506
ITC.NS,1252.9468231
JINDALSTEL.NS,101.7488097
JIOFIN.NS,660.3141623
JSWENERGY.NS,175.6126626
JSWSTEEL.NS,244.0633358
JUBLFOOD.NS,65.767995
KALYANKJIL.NS,103.2740207
KEI.NS,9.5600595
KOTAKBANK.NS,994.646495
KPITTECH.NS,27.2227219
LALPATHLAB.NS,16.6977774
LAURUSLABS.NS,53.9856582
LENSKART.NS,172.9135576
LGEINDIA.NS,67.8772392
LICHSGFIN.NS,55.0063
LICI.NS,632.4997701
LODHA.NS,99.8915116
LT.NS,137.5668171
LTF.NS,250.5450399
LTTS.NS,10.6068593
LUPIN.NS,45.7215863
M&M.NS,120.0762264
M&MFIN.NS,138.9545161
MANAPPURAM.NS,93.9336102
MANKIND.NS,41.29092
MARICO.NS,129.5802765
MARUTI.NS,31.4402574
MAXHEALTH.NS,97.3243789
MAZDOCK.NS,40.338
MCX.NS,25.451409
METROPOLIS.NS,20.7331968
MFSL.NS,34.3446614
MGL.NS,9.8777778
MOTHERSON.NS,1053.1231231
MOTILALOFS.NS,60.2044654
MPHASIS.NS,19.081705
MRF.NS,0.4241143
MRPL.NS,175.2598777
MUTHOOTFIN.NS,40.1468476
NAM-INDIA.NS,63.8289477
NATCOPHARM.NS,17.910987
NATIONALUM.NS,183.6631787
NAUKRI.NS,64.7737438
NAVINFLUOR.NS,5.1277899
NESTLEIND.NS,192.831432
NHPC.NS,1004.5034805
NIACL.NS,164.8
NMDC.NS,879.181755
NTPC.NS,969.6666134
NYKAA.NS,286.3507856
OBEROIRLTY.NS,36.3602237
OFSS.NS,8.7064329
ONGC.NS,1258.0279206
PAGEIND.NS,1.1153874
PAYTM.NS,64.018018
PERSISTENT.NS,15.6231044
PETRONET.NS,150.0000088
PFC.NS,330.010176
PFIZER.NS,4.5747732
PGHH.NS,3.2460736
PHOENIXLTD.NS,35.7640475
PIDILITIND.NS,101.7775348
PIIND.NS,15.1703229
PNB.NS,1149.2943268
PNBHOUSING.NS,26.0589923
POLICYBZR.NS,46.2022382
POLYCAB.NS,15.0550508
POWERGRID.NS,930.0603819
POWERINDIA.NS,4.4572363
PREMIERENE.NS,45.1296522
PRESTIGE.NS,43.0730232
QUESS.NS,14.9331454
RADICO.NS,13.393135
RAJESHEXPO.NS,29.5259959
RAMCOCEM.NS,23.629238
RBLBANK.NS,61.870028
RECLTD.NS,263.3224
RELIANCE.NS,1353.2472634
RVNL.NS,208.50201
SAIL.NS,413.0525289
SANOFI.NS,2.3030622
SBICARD.NS,95.1605389
SBILIFE.NS,100.3171541
SBIN.NS,923.0617586
SHREECEM.NS,3.6080748
SHRIRAMFIN.NS,235.2830568
SIEMENS.NS,35.6120505
SOLARINDS.NS,9.0490055
SONACOMS.NS,62.2028337
SRF.NS,29.6406025
SUNPHARMA.NS,239.933497
SUNTV.NS,39.408462
SUPREMEIND.NS,12.702687
SUZLON.NS,1371.5534759
SWIGGY.NS,260.6054682
SYNGENE.NS,40.1751784
TATACAP.NS,421.6692746
TATACHEM.NS,25.4756278
TATACOMM.NS,28.5
TATACONSUM.NS,98.9565336
TATAELXSI.NS,6.2297064
TATAINVEST.NS,50.595296
TATAPOWER.NS,319.5339547
TATASTEEL.NS,1247.1847611
TCS.NS,361.8087518
TECHM.NS,88.571853
TIINDIA.NS,19.3562289
TITAN.NS,88.704526
TMCV.NS,368.2331373
TMPV.NS,368.243564
TORNTPHARM.NS,33.844544
TORNTPOWER.NS,50.3903543
TRENT.NS,35.5487461
TRIDENT.NS,509.558407
TVSMOTOR.NS,47.4960087
UBL.NS,26.4405149
ULTRACEMCO.NS,29.4169635
UNIONBANK.NS,763.3605607
UNITDSPR.NS,72.7350853
UPL.NS,84.4169318
VARROC.NS,15.27864
VBL.NS,338.2296144
VEDL.NS,390.4801732
VGUARD.NS,43.6803816
VMM.NS,467.5899806
VOLTAS.NS,33.088474
WAAREEENER.NS,28.7651335
WHIRLPOOL.NS,12.687183
WIPRO.NS,1048.5108393
YESBANK.NS,3138.5529506
ZEEL.NS,96.051942
ZYDUSLIFE.NS,100.623399
